insert into ACCT (ID,VERSION,NAME,FID,OFX_ACCT_ID) values (3317,1,'read ira','1111','4094');
insert into ACCT (ID,VERSION,NAME,FID,OFX_ACCT_ID) values (2401,6,'save uju','6465','0620');

insert into TRAN (ID,VERSION,ACCT_ID,NAME,FITID) values (5144,6,3317,'read tki','2714');
insert into TRAN (ID,VERSION,ACCT_ID,NAME,FITID) values (8909,2,2401,'save jma','6159');

insert into PAYEE (ID,VERSION,NAME) values (748,4,'read dxk');
insert into PAYEE (ID,VERSION,NAME) values (255,4,'save jog');
insert into PAYEE (ID,VERSION,NAME) values (3562,4,'filter ahq');
insert into PAYEE (ID,VERSION,NAME) values (9217,6,'filter tna');
insert into PAYEE (ID,VERSION,NAME) values (5165,1,'filter ddk');
insert into PAYEE (ID,VERSION,NAME) values (923,4,'filter wli');
insert into PAYEE (ID,VERSION,NAME) values (1860,3,'filter agy');
insert into PAYEE (ID,VERSION,NAME) values (3119,3,'filter tqi');
insert into PAYEE (ID,VERSION,NAME) values (6414,6,'filter gsi');
insert into PAYEE (ID,VERSION,NAME) values (6861,6,'filter lvy');
insert into PAYEE (ID,VERSION,NAME) values (8818,2,'filter leo');
insert into PAYEE (ID,VERSION,NAME) values (376,4,'filter bue');

insert into PAYABLE (ID,VERSION,PAYEE_ID,MEMO) values (5376,1,748,'read ice');
insert into PAYABLE (ID,VERSION,PAYEE_ID,MEMO) values (1897,4,255,'save ehm');
insert into PAYABLE (ID,VERSION,PAYEE_ID,EST_DUE_DATE,EST_AMOUNT,ACT_DUE_DATE,ACT_AMOUNT,MEMO,PAID)values (6272,5,3562,'2016-03-20',86.02,'2016-03-26',14.90,'filter fpo',true);
insert into PAYABLE (ID,VERSION,PAYEE_ID,EST_DUE_DATE,EST_AMOUNT,ACT_DUE_DATE,ACT_AMOUNT,MEMO,PAID)values (5721,2,9217,'2016-03-21',35.22,null,null,'filter xok',true);
insert into PAYABLE (ID,VERSION,PAYEE_ID,EST_DUE_DATE,EST_AMOUNT,ACT_DUE_DATE,ACT_AMOUNT,MEMO,PAID)values (7745,5,5165,'2016-01-24',5.87,'2016-01-30',92.61,'filter abd',false);
insert into PAYABLE (ID,VERSION,PAYEE_ID,EST_DUE_DATE,EST_AMOUNT,ACT_DUE_DATE,ACT_AMOUNT,MEMO,PAID)values (1485,3,923,'2016-02-12',1.67,'2016-02-17',7.29,'filter fvh',false);
insert into PAYABLE (ID,VERSION,PAYEE_ID,EST_DUE_DATE,EST_AMOUNT,ACT_DUE_DATE,ACT_AMOUNT,MEMO,PAID)values (8236,4,1860,'2016-02-27',55.36,'2016-02-23',59.97,'filter bcz',true);
insert into PAYABLE (ID,VERSION,PAYEE_ID,EST_DUE_DATE,EST_AMOUNT,ACT_DUE_DATE,ACT_AMOUNT,MEMO,PAID)values (6690,1,3119,'2016-02-17',60.47,'2016-02-12',96.45,'filter zqh',false);
insert into PAYABLE (ID,VERSION,PAYEE_ID,EST_DUE_DATE,EST_AMOUNT,ACT_DUE_DATE,ACT_AMOUNT,MEMO,PAID)values (5097,1,6414,'2016-02-10',30.49,null,null,'filter lja',false);
insert into PAYABLE (ID,VERSION,PAYEE_ID,EST_DUE_DATE,EST_AMOUNT,ACT_DUE_DATE,ACT_AMOUNT,MEMO,PAID)values (3025,1,6861,'2016-02-22',54.26,'2016-02-20',26.11,'filter uvo',true);
insert into PAYABLE (ID,VERSION,PAYEE_ID,EST_DUE_DATE,EST_AMOUNT,ACT_DUE_DATE,ACT_AMOUNT,MEMO,PAID)values (6212,3,8818,'2016-01-19',15.07,null,null,'filter iyp',false);
insert into PAYABLE (ID,VERSION,PAYEE_ID,EST_DUE_DATE,EST_AMOUNT,ACT_DUE_DATE,ACT_AMOUNT,MEMO,PAID)values (1778,1,376,'2016-02-11',86.87,'2016-02-10',49.97,'filter pbk',true);
insert into PAYABLE (ID,VERSION,PAYEE_ID,EST_DUE_DATE,EST_AMOUNT,ACT_DUE_DATE,ACT_AMOUNT,MEMO,PAID)values (339,1,3562,'2016-01-26',47.54,null,null,'filter wzm',true);
insert into PAYABLE (ID,VERSION,PAYEE_ID,EST_DUE_DATE,EST_AMOUNT,ACT_DUE_DATE,ACT_AMOUNT,MEMO,PAID)values (5332,2,9217,'2016-02-26',76.21,'2016-02-28',97.26,'filter kfm',false);
insert into PAYABLE (ID,VERSION,PAYEE_ID,EST_DUE_DATE,EST_AMOUNT,ACT_DUE_DATE,ACT_AMOUNT,MEMO,PAID)values (9251,1,5165,'2016-03-23',11.34,null,null,'filter lip',true);
insert into PAYABLE (ID,VERSION,PAYEE_ID,EST_DUE_DATE,EST_AMOUNT,ACT_DUE_DATE,ACT_AMOUNT,MEMO,PAID)values (4829,1,923,'2016-03-13',42.94,null,null,'filter who',false);
insert into PAYABLE (ID,VERSION,PAYEE_ID,EST_DUE_DATE,EST_AMOUNT,ACT_DUE_DATE,ACT_AMOUNT,MEMO,PAID)values (8074,6,1860,'2016-02-10',77.28,null,null,'filter nxp',false);
insert into PAYABLE (ID,VERSION,PAYEE_ID,EST_DUE_DATE,EST_AMOUNT,ACT_DUE_DATE,ACT_AMOUNT,MEMO,PAID)values (5134,3,3119,'2016-02-26',44.88,null,null,'filter cwb',false);
insert into PAYABLE (ID,VERSION,PAYEE_ID,EST_DUE_DATE,EST_AMOUNT,ACT_DUE_DATE,ACT_AMOUNT,MEMO,PAID)values (1037,2,6414,'2016-03-22',79.35,'2016-03-16',65.60,'filter dyr',false);
insert into PAYABLE (ID,VERSION,PAYEE_ID,EST_DUE_DATE,EST_AMOUNT,ACT_DUE_DATE,ACT_AMOUNT,MEMO,PAID)values (5205,5,6861,'2016-02-10',41.00,'2016-02-04',58.01,'filter lmt',true);
insert into PAYABLE (ID,VERSION,PAYEE_ID,EST_DUE_DATE,EST_AMOUNT,ACT_DUE_DATE,ACT_AMOUNT,MEMO,PAID)values (8374,3,8818,'2016-03-23',72.02,'2016-03-20',80.63,'filter wnt',true);
insert into PAYABLE (ID,VERSION,PAYEE_ID,EST_DUE_DATE,EST_AMOUNT,ACT_DUE_DATE,ACT_AMOUNT,MEMO,PAID)values (8979,2,376,'2016-03-12',37.31,'2016-03-09',82.41,'filter kbn',true);

insert into PAYEE (ID,VERSION,CRON_EXPRESSION,NBR_EST_TO_CREATE,EST_AMOUNT) values (6962,6,'0 0 0 20 * ?',2,38.59);
insert into PAYABLE (ID,VERSION,PAYEE_ID,EST_DUE_DATE,EST_AMOUNT) values (4577,1,6962,'2016-02-20',38.59);
