insert into ACCT (ID,VERSION,NAME,FID,OFX_ACCT_ID) values (3317,1,'read ira','1111','4094');
insert into ACCT (ID,VERSION,NAME,FID,OFX_ACCT_ID) values (2401,6,'save uju','6465','0620');
insert into ACCT (ID,VERSION,NAME,FID,OFX_ACCT_ID) values (4014,5,'filter cjm','0811','8100');
insert into ACCT (ID,VERSION,NAME,FID,OFX_ACCT_ID) values (5621,3,'filter khv','6491','4329');
insert into ACCT (ID,VERSION,NAME,FID,OFX_ACCT_ID) values (1372,1,'filter gvm','0432','6121');
insert into ACCT (ID,VERSION,NAME,FID,OFX_ACCT_ID) values (7873,6,'filter ykr','5294','3048');
insert into ACCT (ID,VERSION,NAME,FID,OFX_ACCT_ID) values (6251,2,'filter sds','6135','6829');
insert into ACCT (ID,VERSION,NAME,FID,OFX_ACCT_ID) values (7949,5,'filter htv','5300','1512');
insert into ACCT (ID,VERSION,NAME,FID,OFX_ACCT_ID) values (8542,5,'filter urv','8545','9356');
insert into ACCT (ID,VERSION,NAME,FID,OFX_ACCT_ID) values (4582,5,'filter fol','9749','3007');
insert into ACCT (ID,VERSION,NAME,FID,OFX_ACCT_ID) values (7351,6,'filter kec','8328','7418');
insert into ACCT (ID,VERSION,NAME,FID,OFX_ACCT_ID) values (2660,3,'filter ywj','7641','8947');
insert into ACCT (ID,VERSION,NAME,FID,OFX_ACCT_ID,TYPE,BEGIN_DATE,BEGIN_BALANCE) values (7399,4,'zzz acct balance','6518','5629','CHECKING','2015-05-10',7057.02);

insert into TRAN (ID,VERSION,ACCT_ID,NAME,FITID) values (5144,6,3317,'read tki','2714');
insert into TRAN (ID,VERSION,ACCT_ID,NAME,FITID) values (8909,2,2401,'save jma','6159');
insert into TRAN (ID,VERSION,ACCT_ID,POST_DATE,FITID,NAME) values (2803,1,4014,'2016-01-04','2466','filter dus');
insert into TRAN (ID,VERSION,ACCT_ID,POST_DATE,FITID,NAME) values (4181,6,5621,'2016-02-17','4099','filter glv');
insert into TRAN (ID,VERSION,ACCT_ID,POST_DATE,FITID,NAME) values (2198,5,1372,'2016-02-03','9302','filter iqi');
insert into TRAN (ID,VERSION,ACCT_ID,POST_DATE,FITID,NAME) values (7225,1,7873,'2016-01-11','9114','filter zaq');
insert into TRAN (ID,VERSION,ACCT_ID,POST_DATE,FITID,NAME) values (6418,3,6251,'2016-02-26','0294','filter duo');
insert into TRAN (ID,VERSION,ACCT_ID,POST_DATE,FITID,NAME) values (2449,1,7949,'2016-03-24','5094','filter jbq');
insert into TRAN (ID,VERSION,ACCT_ID,POST_DATE,FITID,NAME) values (5311,6,8542,'2015-12-27','9828','filter qwk');
insert into TRAN (ID,VERSION,ACCT_ID,POST_DATE,FITID,NAME) values (7915,5,4582,'2016-02-06','7117','filter hxb');
insert into TRAN (ID,VERSION,ACCT_ID,POST_DATE,FITID,NAME) values (7178,4,7351,'2015-12-28','0270','filter knb');
insert into TRAN (ID,VERSION,ACCT_ID,POST_DATE,FITID,NAME) values (3332,6,2660,'2016-03-08','1270','filter znb');
insert into TRAN (ID,VERSION,ACCT_ID,POST_DATE,AMOUNT,FITID) values (4713,1,7399,'2015-05-19',-82.04,'0202');
insert into TRAN (ID,VERSION,ACCT_ID,POST_DATE,AMOUNT,FITID) values (9008,5,7399,'2015-05-27',51.25,'3157');
insert into TRAN (ID,VERSION,ACCT_ID,POST_DATE,AMOUNT,FITID) values (1346,3,7399,'2015-06-09',92.38,'1547');

insert into PAYEE (ID,VERSION,NAME) values (748,4,'read dxk');
insert into PAYEE (ID,VERSION,NAME) values (255,4,'save jog');
insert into PAYEE (ID,VERSION,NAME) values (3562,4,'filter ahq');
insert into PAYEE (ID,VERSION,NAME) values (9217,6,'filter tna');
insert into PAYEE (ID,VERSION,NAME) values (5165,1,'filter ddk');
insert into PAYEE (ID,VERSION,NAME) values (923,4,'filter wli');
insert into PAYEE (ID,VERSION,NAME) values (1860,3,'filter agy');
insert into PAYEE (ID,VERSION,NAME) values (3119,3,'filter tqi');
insert into PAYEE (ID,VERSION,NAME) values (6414,6,'filter gsi');
insert into PAYEE (ID,VERSION,NAME) values (6861,6,'filter lvy');
insert into PAYEE (ID,VERSION,NAME) values (8818,2,'filter leo');
insert into PAYEE (ID,VERSION,NAME) values (376,4,'filter bue');

insert into PAYABLE (ID,VERSION,PAYEE_ID,EST_DUE_DATE,EST_AMOUNT,MEMO,NO_BILL,MISSED_BILL) values (5376,1,748,'2015-12-31',71.58,'read ice',false,false);
insert into PAYABLE (ID,VERSION,PAYEE_ID,EST_DUE_DATE,EST_AMOUNT,MEMO,NO_BILL,MISSED_BILL) values (1897,4,255,'2016-01-01',42.13,'save ehm',false,false);
insert into PAYABLE (ID,VERSION,PAYEE_ID,EST_DUE_DATE,EST_AMOUNT,ACT_DUE_DATE,ACT_AMOUNT,MEMO,PAID_DATE,PAID_AMOUNT,CONFIRM_CODE,NO_BILL,MISSED_BILL) values (1171,3,3562,'2016-01-30',98.42,null,null,'filter ssh',null,null,null,false,false);
insert into PAYABLE (ID,VERSION,PAYEE_ID,EST_DUE_DATE,EST_AMOUNT,ACT_DUE_DATE,ACT_AMOUNT,MEMO,PAID_DATE,PAID_AMOUNT,CONFIRM_CODE,NO_BILL,MISSED_BILL) values (6730,4,9217,'2015-12-30',33.58,'2015-12-25',82.64,'filter whp',null,null,null,false,false);
insert into PAYABLE (ID,VERSION,PAYEE_ID,EST_DUE_DATE,EST_AMOUNT,ACT_DUE_DATE,ACT_AMOUNT,MEMO,PAID_DATE,PAID_AMOUNT,CONFIRM_CODE,NO_BILL,MISSED_BILL) values (2715,3,5165,'2016-03-02',47.36,'2016-03-03',57.59,'filter xgq','2016-03-03',57.59,'confirm uem',false,false);
insert into PAYABLE (ID,VERSION,PAYEE_ID,EST_DUE_DATE,EST_AMOUNT,ACT_DUE_DATE,ACT_AMOUNT,MEMO,PAID_DATE,PAID_AMOUNT,CONFIRM_CODE,NO_BILL,MISSED_BILL) values (5735,3,923,'2016-02-02',57.39,'2016-01-26',98.66,'filter iwr','2016-01-26',98.66,'confirm apr',false,false);
insert into PAYABLE (ID,VERSION,PAYEE_ID,EST_DUE_DATE,EST_AMOUNT,ACT_DUE_DATE,ACT_AMOUNT,MEMO,PAID_DATE,PAID_AMOUNT,CONFIRM_CODE,NO_BILL,MISSED_BILL) values (9912,4,1860,'2016-01-23',62.05,'2016-01-23',25.88,'filter ufv',null,null,null,false,false);
insert into PAYABLE (ID,VERSION,PAYEE_ID,EST_DUE_DATE,EST_AMOUNT,ACT_DUE_DATE,ACT_AMOUNT,MEMO,PAID_DATE,PAID_AMOUNT,CONFIRM_CODE,NO_BILL,MISSED_BILL) values (7655,5,3119,'2016-01-03',43.18,null,null,'filter fsw',null,null,null,false,false);
insert into PAYABLE (ID,VERSION,PAYEE_ID,EST_DUE_DATE,EST_AMOUNT,ACT_DUE_DATE,ACT_AMOUNT,MEMO,PAID_DATE,PAID_AMOUNT,CONFIRM_CODE,NO_BILL,MISSED_BILL) values (2300,6,6414,'2016-03-22',57.29,'2016-03-28',67.20,'filter qzc','2016-03-28',67.20,'confirm zic',false,false);
insert into PAYABLE (ID,VERSION,PAYEE_ID,EST_DUE_DATE,EST_AMOUNT,ACT_DUE_DATE,ACT_AMOUNT,MEMO,PAID_DATE,PAID_AMOUNT,CONFIRM_CODE,NO_BILL,MISSED_BILL) values (2949,3,6861,'2016-02-15',3.58,null,null,'filter ely',null,null,null,false,false);
insert into PAYABLE (ID,VERSION,PAYEE_ID,EST_DUE_DATE,EST_AMOUNT,ACT_DUE_DATE,ACT_AMOUNT,MEMO,PAID_DATE,PAID_AMOUNT,CONFIRM_CODE,NO_BILL,MISSED_BILL) values (6817,4,8818,'2016-03-19',11.87,'2016-03-14',90.76,'filter qwm','2016-03-14',90.76,'confirm duv',false,false);
insert into PAYABLE (ID,VERSION,PAYEE_ID,EST_DUE_DATE,EST_AMOUNT,ACT_DUE_DATE,ACT_AMOUNT,MEMO,PAID_DATE,PAID_AMOUNT,CONFIRM_CODE,NO_BILL,MISSED_BILL) values (5878,4,376,'2016-01-27',85.04,'2016-01-22',87.52,'filter wep','2016-01-22',87.52,'confirm rkl',false,false);
insert into PAYABLE (ID,VERSION,PAYEE_ID,EST_DUE_DATE,EST_AMOUNT,ACT_DUE_DATE,ACT_AMOUNT,MEMO,PAID_DATE,PAID_AMOUNT,CONFIRM_CODE,NO_BILL,MISSED_BILL) values (5579,2,3562,'2016-01-24',61.28,null,null,'filter nwc',null,null,null,true,false);
insert into PAYABLE (ID,VERSION,PAYEE_ID,EST_DUE_DATE,EST_AMOUNT,ACT_DUE_DATE,ACT_AMOUNT,MEMO,PAID_DATE,PAID_AMOUNT,CONFIRM_CODE,NO_BILL,MISSED_BILL) values (6801,3,9217,'2016-02-09',54.24,'2016-02-08',39.54,'filter ytx','2016-02-08',39.54,'confirm eph',false,false);
insert into PAYABLE (ID,VERSION,PAYEE_ID,EST_DUE_DATE,EST_AMOUNT,ACT_DUE_DATE,ACT_AMOUNT,MEMO,PAID_DATE,PAID_AMOUNT,CONFIRM_CODE,NO_BILL,MISSED_BILL) values (334,4,5165,'2016-01-29',2.13,'2016-01-25',30.06,'filter drt','2016-01-25',30.06,'confirm fcr',false,false);
insert into PAYABLE (ID,VERSION,PAYEE_ID,EST_DUE_DATE,EST_AMOUNT,ACT_DUE_DATE,ACT_AMOUNT,MEMO,PAID_DATE,PAID_AMOUNT,CONFIRM_CODE,NO_BILL,MISSED_BILL) values (4440,4,923,'2016-03-01',9.10,'2016-02-27',60.15,'filter fub',null,null,null,false,false);
insert into PAYABLE (ID,VERSION,PAYEE_ID,EST_DUE_DATE,EST_AMOUNT,ACT_DUE_DATE,ACT_AMOUNT,MEMO,PAID_DATE,PAID_AMOUNT,CONFIRM_CODE,NO_BILL,MISSED_BILL) values (1483,5,1860,'2016-01-12',55.99,null,null,'filter cta',null,null,null,false,false);
insert into PAYABLE (ID,VERSION,PAYEE_ID,EST_DUE_DATE,EST_AMOUNT,ACT_DUE_DATE,ACT_AMOUNT,MEMO,PAID_DATE,PAID_AMOUNT,CONFIRM_CODE,NO_BILL,MISSED_BILL) values (673,3,3119,'2016-02-01',34.19,'2016-02-02',76.81,'filter iup','2016-02-02',76.81,'confirm pjv',false,false);
insert into PAYABLE (ID,VERSION,PAYEE_ID,EST_DUE_DATE,EST_AMOUNT,ACT_DUE_DATE,ACT_AMOUNT,MEMO,PAID_DATE,PAID_AMOUNT,CONFIRM_CODE,NO_BILL,MISSED_BILL) values (5676,5,6414,'2016-02-14',75.43,'2016-02-10',60.74,'filter woj',null,null,null,false,false);
insert into PAYABLE (ID,VERSION,PAYEE_ID,EST_DUE_DATE,EST_AMOUNT,ACT_DUE_DATE,ACT_AMOUNT,MEMO,PAID_DATE,PAID_AMOUNT,CONFIRM_CODE,NO_BILL,MISSED_BILL) values (7929,1,6861,'2016-02-05',79.44,'2016-02-05',56.56,'filter sts','2016-02-05',56.56,'confirm ybe',false,false);
insert into PAYABLE (ID,VERSION,PAYEE_ID,EST_DUE_DATE,EST_AMOUNT,ACT_DUE_DATE,ACT_AMOUNT,MEMO,PAID_DATE,PAID_AMOUNT,CONFIRM_CODE,NO_BILL,MISSED_BILL) values (6307,2,8818,'2016-03-04',80.97,null,null,'filter sdn',null,null,null,false,false);
insert into PAYABLE (ID,VERSION,PAYEE_ID,EST_DUE_DATE,EST_AMOUNT,ACT_DUE_DATE,ACT_AMOUNT,MEMO,PAID_DATE,PAID_AMOUNT,CONFIRM_CODE,NO_BILL,MISSED_BILL) values (429,4,376,'2016-01-30',59.87,'2016-01-28',74.70,'filter tnf','2016-01-28',74.70,'confirm bnv',false,false);

insert into PAYEE (ID,VERSION,NAME,CRON_EXPRESSION,NBR_EST_TO_CREATE,EST_AMOUNT) values (6962,6,'cron wtp','0 0 0 20 * ?',2,38.59);
insert into PAYABLE (ID,VERSION,PAYEE_ID,EST_DUE_DATE,EST_AMOUNT,NO_BILL,MISSED_BILL) values (4577,1,6962,'2016-02-20',38.59,false,false);

insert into PAYEE (ID,VERSION,NAME,CRON_EXPRESSION,NBR_EST_TO_CREATE,EST_AMOUNT) values (5018,4,'past cron jqt','0 0 0 20 11 ? 2015',1,3.37);
